id,url,title,category_id,created_at,updated_at,strength,last_added_at,contents_preview,thumbnail,summaries_count,user_articles_count,cluster_id,auto_summary_error_status
131,http://zasshi.news.yahoo.co.jp/article?a=20130930-00010000-bjournal-bus_all,"auのKDDI、あきれた二枚舌営業〜購入時に虚偽説明、強いクレームには特別に補償対応 （Business Journal） - Yahoo!ニュース",8,"2013-10-01 22:45:14.905609","2013-11-04 07:25:30.854874",0,"2013-10-02 15:24:32.670119","
米アップルのiPhone 5s/5cの発売、およびNTTドコモのiPhone商戦への参入で話題沸騰の携帯電話業界。その陰で、KDDI(au)の不誠実な消費者対応が大きな問題となる可能性がある。その行為は、「詐欺的」と言われても仕方ないもので、消費者は今後、auの動向に注目していく必要がある。
KDDIは今年5月21日、不当景品類及び不当表示防止法の規定に基づく措置命令を消費者庁から受けた。その概",http://amd.c.yimg.jp/im_sigg8XxvdH3npMkCXSmvXM9SvQ---x153-y200-q90/amd/20130930-00010000-bjournal-000-1-view.jpg,,,413,
132,http://yongshuangchem.com/news/2889/,"【どうする？スマホサイト作成】8割近いユーザーが必要性を感じていない！？  |  集客チャンネル",4,"2013-10-02 12:25:36.707601","2013-11-04 07:25:30.910940",1,"2013-10-02 12:25:36.790365","いまやスマートフォンからのアクセスは、サイト全体のアクセスの4割近くを占め、その対応についてどうしようか検討しながらも、スマホ専用サイト作成に着手できずにいる経営者様は多いのではないでしょうか?
参考記事「既に50%超えをしている業種も!スマートフォンのアクセス割合・率についての実例調査」
実際、相談を受ける内容も、どのようにスマホサイトを作成すればいいかという内容よりも、そもそも論としてスマホサ",http://yongshuangchem.com/wp-content/themes/dp-elplano/img/_uploads/title/title_channel01.png,,,165,
133,http://japanese.engadget.com/2013/10/02/wimax2-wi-fi-walker-wimax2-hwd14-wimax-4g-lte/,"初のWiMAX2+対応モバイルルータ Wi-Fi WALKER WiMAX2+ HWD14発表。WiMAX / 4G LTEとの3方式対応 - Engadget Japanese",4,"2013-10-02 12:26:03.964321","2013-11-04 09:19:46.366506",1.00451608289229,"2013-11-04 09:19:46.363443","
初のWiMAX2+対応モバイルルータ Wi-Fi WALKER WiMAX2+ HWD14発表。WiMAX / 4G LTEとの3方式対応
By
Takuro Matsukawa
posted
2013年10月02日 19時12分
0
au がモバイルルータの新製品 Wi-Fi WALKER WiMAX2+ HWD14を発表しました。下り最大110Mbpsの WiMAX 2+、40",http://www.blogcdn.com/japanese.engadget.com/media/2013/10/wi-fi-walker-wimax2-1380696700.jpg,,,104,
134,http://headlines.yahoo.co.jp/hl?a=20131002-00000025-economic-bus_all,"賃金引き上げ会社に融資しない金融機関も （エコノミックニュース） - Yahoo!ニュース",1,"2013-10-02 15:26:25.389206","2013-11-04 07:25:31.275419",1,"2013-10-02 15:26:25.452701","
自民党の石破茂幹事長は1日の記者会見で「ある地域で金融機関が融資にあたって従業員の給料をあげるようなことをしている会社には融資をしないとか、融資を引き揚げるとかの例を聞いたという発言が党の役員会であった」と語った。
石破幹事長は「内閣や政権与党がやろうとしていることに符号しないような例はあちらこちらで出てくるのだろうと思うが、党としてお願いする、また党としてできることをやっていきたい」と語り、実",no_image.png,,,369,
135,http://economic.jp/?p=26916,"EconomicNews（エコノミックニュース）",8,"2013-10-02 15:27:15.637530","2013-11-04 07:25:31.323667",1,"2013-10-02 15:27:15.704019"," 株式会社ビデオリサーチインタラクティブの調査によれば、15～69歳のPCインターネットユーザーでのスマートフォンの所有率は、今年2月の前回調査から9ポイント増加し49.2%に達した。いわゆるガラケー(フィーチャーフォン)の所有率は46%で、スマートフォンが初めて従来型の携帯を上回った。iPadなどタブレット端末の所有率は、前回調査より3.3ポイント増の14.5%だった。
スマホの所有率は2年前に",http://economic.jp/wp/wp-content/uploads/2013/09/a6971974a28b28c15c370e254808121b-200x150.jpg,,,64,
136,http://irorio.jp/yangping/20130818/73254/,"大学発ベンチャー、過半数が黒字経営 - IRORIO（イロリオ）",8,"2013-10-02 15:31:20.009245","2013-11-04 07:25:31.377169",1,"2013-10-02 15:31:20.042077","アベノミクスの「第三の矢」として閣議決定された「科学技術イノベーション総合戦略」には、大学発ベンチャー企業の活性化が盛り込まれた。すでに安倍政権下では、2012年度の補正予算で、産学共同研究や大学発ベンチャーへの出資金などの用途に1800億円を割り当てており、大学研究を経済の立て直しに活用しようと期待されている。
そのような状況下、株式会社帝国データバンクは今回初めて、国内の大学発ベンチャー企業",http://imgassets.com/irorio/uploads/2233b4c9c21ecbed1ee4c9fa227da697.jpg,,,11,
137,http://www.publickey1.jp/blog/13/jolt_awards_20132013it5.html,"この1年の優れたIT系書籍はどれか？「Jolt Awards 2013」が5冊を発表 − Publickey",4,"2013-10-03 04:38:53.846429","2013-11-04 07:25:31.441764",0.739686374936763,"2013-10-03 15:44:49.164887","
デベロッパー向けに情報発信をしている「Dr. Dobb's Journal」が、この1年に出版されたIT系書籍の中から優れた本を選ぶ「Jolt Awards」が今年も発表されました。
選ばれた書籍を見てみると、まずNoSQLの書籍が入っていることにやや驚きます。しかも著者の1人はあのMartin Fowler氏です。米国では引き続きNoSQLに熱い視線が注がれているのですね。
2冊目のTeam ","http://ec2.images-amazon.com/images/I/41qHKrFZi0L._SX200_BO1,200,200,200_.jpg",,,408,
138,http://internet.watch.impress.co.jp/docs/news/20131003_618057.html,"20代女性の検索利用がGoogleに流れ始めた？　Yahoo!を逆転したとの調査結果 -INTERNET Watch",4,"2013-10-03 14:57:22.785299","2013-11-04 23:44:47.748797",0,"2013-10-03 15:42:23.958145","",no_image.png,,,40,encoding
139,http://news.livedoor.com/article/detail/8074924/,"ホンダの新型スポーツカーに期待膨らむ　「NSX」と「S2000」がそろってこそ「本当の復活」だ！ - ライブドアニュース",8,"2013-10-03 15:19:26.428425","2013-11-04 07:25:31.575583",0,"2013-10-03 15:41:33.086154","
写真拡大
2013年8月に米国で試走されたホンダの新型「NSX」(ホンダ提供)
新型フィットHVが好調のホンダに、新型スポーツカーへの期待が高まっている。すでにホンダの米現地法人、アメリカン・ホンダモーターが2013年8月4日、新型「NSX」の試作車によるデモンストレーションを、米オハイオ州で開催されたインディカーシリーズ第14戦で、世界で初めて公開。2015年の量産開始に向けて現在開発中という",http://image.news.livedoor.com/newsimage/8/e/8ec6e_80_6b9434fc_6bc1fef9-m.jpg,,,350,
140,http://netallica.yahoo.co.jp/news/20131003-00000007-allabout,"電車での移動時間を効果的に使う時間管理術 - ネタりか",8,"2013-10-03 15:44:19.997426","2013-11-04 07:25:31.624416",1,"2013-10-03 15:44:20.034462","
超高速リニア、果たしてその経済効果は……?
超高速リニア、ついに詳細が明らかになりました。(http://www3.nhk.or.jp/news/web_tokushu/2013_0919.html)この記事によれば、東京―名古屋間を最高時速500km/hでわずか40分で結ぶそうです。現在の東京―名古屋間の新幹線の移動時間が1時間40分なので、1時間も短縮できるというのはかなりの時短。 40分と",http://amd.c.yimg.jp/amd/20131003-00000007-allabout-000-1-view.jpg,,,219,
141,http://zasshi.news.yahoo.co.jp/article?a=20131003-00020836-toyo-bus_all,"200人希望退職でも収まらぬグリーの不安 （東洋経済オンライン） - Yahoo!ニュース",8,"2013-10-03 22:12:03.754163","2013-11-04 07:25:31.907499",1,"2013-10-03 22:12:03.797009","
業績不振のグリー <3632> が、大阪オフィスの閉鎖に続き、初の希望退職実施にも踏み切る。募集人員は、単体従業員の1割強に当たる約200名。対象となるのは管理部門が中心で、開発や営業部門は該当しない。募集期間は10月9日から10月28日までで、退職日は11月30日を予定している。10月2日開催の取締役会で決議し、18時に適時開示を行った。 グリーには退職金制度が存在しない。今回の募集に応じて辞",http://amd.c.yimg.jp/im_sigg.sIctMGmbJwQ31pOmrfOfw---x200-y133-q90/amd/20131003-00020836-toyo-000-6-view.jpg,,,144,
142,http://headlines.yahoo.co.jp/hl?a=20131003-00000305-oric-ent,"堺雅人、半沢を「台無しにしたい」　『リーガルハイ』に自信満々 （オリコン） - Yahoo!ニュース",2,"2013-10-03 22:39:36.186366","2013-11-04 07:25:31.970789",1,"2013-10-03 22:39:36.226035","
俳優・堺雅人が3日、都内で行われたフジテレビ系ドラマ『リーガルハイ』(10月9日スタート、毎週水曜 後10:00※初回30分拡大)の完成披露試写会後、舞台あいさつに登壇。7月クールの主演ドラマ『半沢直樹』(TBS系)が「倍返し」などの流行語を生み、社会現象を巻き起こした堺は、開口一番「銀行員時代に培ったすべてをこの番組で台無しにしたいと思います」とユーモアを交え、同作でお堅い半沢のイメージからの",http://amd.c.yimg.jp/im_siggqOu5dqw6J6eQVroiffKOOQ---x142-y200-q90/amd/20131003-00000305-oric-000-13-view.jpg,,,359,
143,http://news.mynavi.jp/series/shinkon/001/index.html,"嫁へ行くつもりじゃなかった——私の新婚日記 (1) いつまで新婚でいるつもり? | マイナビニュース",6,"2013-10-04 14:10:45.934904","2013-11-04 07:25:32.025836",0,"2013-10-05 01:49:24.694862","隠してません
昨年8月に知人からプロポーズされて、交際期間0日のまま準備を進め、今年の4月25日に婚姻届を提出した。一緒に暮らしはじめて半年以上が経ち、8月には俗に言う結婚披露パーティーというやつも済ませた。いわゆる「新婚ホヤホヤ」状態なのだが、周囲にそう伝えたときの大興奮とは裏腹に、当人には今ひとつ実感がない。
最近よく「ええっ、結婚したの!? この春!? やだ、新婚さんじゃない、んもー、早く言",no_image.png,,,177,
144,http://news.mynavi.jp/news/2013/10/03/180/index.html,"やられてなくてもやり返す! 堺雅人主演『リーガルハイ』の予告CMが話題に | マイナビニュース",8,"2013-10-04 14:12:37.294178","2013-11-04 07:25:32.077993",1,"2013-10-04 14:12:37.328839","俳優･堺雅人主演のフジテレビ系ドラマ『リーガルハイ』(10月9日スタート 毎週水曜22:00～22:54)の予告CMで、堺演じる弁護士･古美門研介のセリフ「やられてなくてもやり返す!」が話題になっている。
「なんの罠だ…なんの茶番なんだよこれは!」という古美門の絶叫ではじまる予告CM。古美門とのデコボココンビでおなじみの熱血弁護士･黛真知子(新垣結衣)をはじめ、保険金殺人の罪で死刑判決を受けた""世",no_image.png,,,177,
145,http://zasshi.news.yahoo.co.jp/article?a=20130927-00000124-playboyz-soci,"急増する“プチぼったくり居酒屋”に気をつけろ！ （週プレNEWS） - Yahoo!ニュース",6,"2013-10-05 01:56:02.221390","2013-11-04 07:25:32.135412",1,"2013-10-05 01:56:02.268802","
昔から飲み屋のトラブルで後を絶たないのが「ぼったくり」だ。「円ぽっきり!」という客引きの威勢のいい言葉に誘われて入店したものの、お会計の際にはその何倍もの額を請求され、断ろうものなら店の奥からコワ〜いお兄さんが……。
現在、このような悪質店は、取締りにより徐々に姿を消しつつある。一方で増えているのが、「あれ、予想していた額よりちょっと多くない?」くらいのきわどい商法をするプチぼったくり店だ。
今",http://amd.c.yimg.jp/im_sigg7EfbOVP75ajw0911ynwL2w---x200-y150-q90/amd/20130927-00000124-playboyz-000-1-thumb.jpg,,,495,
146,http://nikkan-spa.jp/496258,"ネット墓地にハイテク墓地。最新の墓地事情とは？ | 日刊SPA!",8,"2013-10-05 01:57:04.284707","2013-11-04 07:25:32.183798",1,"2013-10-05 01:57:04.337577","
どんなにノンキに生きていても、30～40代ともなれば葬式に出る機会も増えてくる。親だっていつまでも元気とは限らない。もしかしたら明日、いきなり喪主を務めるハメになるかもしれない。そんな、いざというときのために知っておきたい葬式とお墓に関するお役立ち情報を専門家に聞く!
人生いろいろ、お墓もいろいろ［お墓事情］驚リポート
【ニューデザインお墓】
最近は四角四面の墓石じゃなく、デザインに凝ったお墓も",http://nikkan-spa.jp/wp-content/uploads/2013/09/casino01-160x160.jpg,,,418,
147,http://zasshi.news.yahoo.co.jp/article?a=20130928-00010001-bjournal-bus_all,"コンビニのトイレの秘密〜使用NG店舗の事情、アノ貼り紙に隠された狙い （Business Journal） - Yahoo!ニュース",8,"2013-10-06 06:32:10.496201","2013-11-04 07:25:32.473577",1,"2013-10-06 06:32:10.541094","
コンビニを利用する客が、「コンビニで最も嫌な思いをしたのは?」という質問に対してよく挙げるのが、「トイレを我慢して、やっとコンビニにたどり着いたのに、トイレを貸してもらえなかった」ということだ。
極限状態でやっと探し当てたオアシスで、トイレを貸してもらえなかったその時の憎悪は、その客の我慢した分と比例し増大する。そしてそれは、貸してくれなかった店舗だけではなく、そのチェーン全店に対する憎悪につな",http://amd.c.yimg.jp/im_siggPWeZq5BHLx8kHY4Ki_MKCQ---x200-y150-q90/amd/20130928-00010001-bjournal-000-1-view.jpg,,,413,
148,http://d.hatena.ne.jp/yutakikuchi/20130606/1370475477,"一日も早く起業したい人が「やっておくこと、知っておくべきこと」読了 - Yuta.Kikuchiの日記",8,"2013-10-06 22:21:48.807678","2013-11-04 07:25:32.536232",1,"2013-10-06 22:21:48.879741","一日も早く起業したい人が「やっておくこと、知っておくべきこと」読了
起業 |  08:37 |   
起業前に
こんにちは、広告配信の最適化で常に頭が一杯な@yutakikucです。平日の深夜に読み進めた本は起業前の初歩的な知識がまとまっているものでした。具体的な起業手順が分かりやすく書いてあるので、実際の作業にとても参考になると思います。[必要なもの]の項目にあるような普通に考えると当たり前の内",no_image.png,,,80,
149,http://r25.yahoo.co.jp/fushigi/wxr_detail/?id=20131006-00032260-r25,"“寒い”と“風邪を引く”のはナゼ | web R25",6,"2013-10-07 14:08:49.627701","2013-11-04 07:25:32.579531",1,"2013-10-07 14:08:49.670761","厚生労働省のインフルエンザ定点報告によると、2009年の月別の患者数は12月がトップ。さらに11月、1月と続き、やはり寒い時期が多いようだ。一方少ない順で見ると6月、5月、7月となっている。寒いと風邪を引くという因果関係は、数字からも読み取れる写真提供/gettyimages
本格的な冬の到来を感じる今日このごろ。周りにはせきをしたり、体調不良で会社を休んだりする人も…。そういえば、一般的に寒くな",http://amd.c.yimg.jp/amd/20131006-00032260-r25-001-1-thumb.jpg,,,487,
150,http://wired.jp/2012/10/29/softbank-sprint/,"ソフトバンクとスプリントが直面する先進国通信市場の課題 «  WIRED.jp",8,"2013-10-07 14:14:50.978648","2013-11-04 07:25:32.628942",1,"2013-10-07 14:14:51.078339","2012.10.29 MON
ソフトバンクとスプリントが直面する先進国通信市場の課題
ソフトバンクのスプリント買収の発表から2週間あまりが過ぎ、過熱した報道も一段落した。しかし、落ち着いて考えてみればみるほど、今回の買収の真意をどう理解すべきか、実に難しい。
別記事「ソフトバンク、米スプリントの買収を正式発表 世界3位の移動体通信事業者へ」より
ソフトバンクが全米第3位の携帯電話会社スプリント・ネ",http://wired.jp/wp-content/uploads/2012/10/water-derivatives-150x150.jpg,,,165,
151,http://irorio.jp/asteroid-b-612/20131007/80699/,"女性が最も浮気をしやすいのは25～34歳の間と判明!!：調査結果 - IRORIO（イロリオ）",6,"2013-10-07 14:15:15.205720","2013-11-04 07:25:32.685328",1,"2013-10-07 14:15:15.254011","男性のみなさん、女性は浮気をしない生き物だと思っていないだろうか。夢を壊すようで悪いが、そんなことは決してない。女性だって男性と同じくらい浮気をするが、ただそれを武勇伝として人にベラベラ話さないだけなのだ。
それでもまだ、「うちの妻だけは!」「オレの彼女だけはそんなことしない!」なんて考えている男性に、耳寄りな調査結果をご報告。不倫専門の出会い系サイトAshley Madisonが1万245人の",http://imgassets.com/irorio/uploads/2013/10/e2ae6a7887bec0a3016a987a2e351998.jpg,,,391,
152,http://acro-engineer.hatenablog.com/entry/2013/10/08/121636,"試して学ぶ Backbone.js 入門のまとめ - Taste of Tech Topics",4,"2013-10-08 10:00:54.038349","2013-11-04 07:25:32.734669",1,"2013-10-08 10:00:54.083156","記事のコンセプト
タイトルに含めた通り、実際にコードを書いて試してみることでBackbone.jsの理解を深めることを一番の目的としています。なので、ぜひ実際に記事の中に出てくるコードを書いて、動かして、コンソールのログや動作を確認することをおススメします。
",http://cdn-ak.f.st-hatena.com/images/fotolife/a/acro-engineer/20131008/20131008001057.png,,,408,
153,http://www.hp-stylelink.com/news/2013/10/20131008.php,"他人にやさしいソースコードの書き方 コーディング規約 JavaScript編 | Web制作会社スタイル",4,"2013-10-08 10:02:28.401989","2013-11-04 07:25:33.006515",1,"2013-10-08 10:02:28.450816","
「なんだ...これ...」
と、自分で書いたソースコードを見返した時に思ったことはありませんか? コメントが無かったり、インデントされてなくて読みづらかったり、変数や関数の名前が適当で、どんな機能なのか検討もつかなかったり...。 そんな風に他人だけでなく自分にも読みづらいコードを作成していませんか?
今回はGoogleのコーディングガイドラインのJavaScript編について紹介しますので、思",http://www.hp-stylelink.com/news/images/20131008_main.jpg,,,417,
154,http://mohayonao.hatenablog.com/entry/2013/10/08/122232,"音楽用CoffeeScriptを作ろう (2) 実行環境の構成 - 音の鳴るブログ",4,"2013-10-08 10:02:41.436583","2013-11-04 07:25:33.058459",1,"2013-10-08 10:02:41.478046","実際に実行できる環境を作った。でもホワイトノイズを聴くしかできない。
CoffeeCollider - GitHub Pages
実行環境はこういう構成になっている。
window がコード(通常使用のJavaScript)を実行する場所
iframe は言語ライブラリの実装場所、CoffeeColliderのコードはここで実行される
worker は信号処理を行う場所
わざわざ iframe を",http://cdn-ak.f.st-hatena.com/images/fotolife/m/mohayonao/20131008/20131008112822.png,,,417,
155,http://kazuna.li/3542,"【回答有り】【自動車メーカー4社聞いてみた】法定速度以上のスピードがでる車を作って販売している理由を自動車メーカー4社に問い合わせしてみた。 | かずなりブログ",8,"2013-10-08 13:46:52.915337","2013-11-04 07:25:33.308744",1,"2013-10-08 13:46:52.997954","気になりました
先日ふと「なんで法定速度以上のスピードがでる車が売っているのかな」という、こんな疑問が浮かんできました。なので、聞いてみました。
聞くまでの経緯はこちら 【自動車メーカー4社聞いてみた】法定速度以上のスピードがでる車を作って販売している理由を自動車メーカー4社に問い合わせしてみた。
問い合わせ本文
少しばかり気にしている人もいらっしゃったので回答をご報告いたします。まず僕が問い合わ",http://kazuna.li/wp-content/uploads/toyota-570x379.png,,,13,
156,http://japan.cnet.com/news/society/35038222/,"新100ドル札が流通開始--多彩な技術で偽造困難に - CNET Japan",4,"2013-10-08 14:38:50.388231","2013-11-04 07:25:33.376394",1,"2013-10-08 14:38:50.433810"," 色鮮やかにデザインを一新した新100ドル札が、米国時間10月8日に流通を開始する。
米連邦準備制度理事会(FRB)は、セキュリティのための特徴を多数備える新100ドル紙幣を発行すると発表していた。最も注目すべきは、青い3Dのセキュリティリボンと、傾けると色が変わる自由の鐘の図柄だ。
セキュリティリボンは本物かどうかを確認しやすくするためのもので、偽造がさらに難しくなっているという。これは紙幣に織",no_image.png,,,249,
157,http://qiita.com/GenTamura84/items/ae33c5714a304738e9b3,"
      Ruby - Railsに手作業でアイコンフォントを導入する方法 - Qiita [キータ]
    ",4,"2013-10-08 15:12:43.266295","2013-11-04 07:25:33.434730",1.15936059859077,"2013-10-11 10:45:51.043652","
Twitter Bootstrap Rails利用していれば、デフォルト(?)でFont Awesomeを利用できますが、
こちらのサイトのアイコンを利用したかったので、試行錯誤してみました。
http://www.tenbytwenty.com/sosa.php
下準備
まずは、上記のサイトからファイルをダウンロード。
app/assetsにfontsという名前のフォルダを作る。
fontsフ",no_image.png,,,165,
158,http://qiita.com/b4b4r07/items/9ea50f9ff94973c99ebe,"
      ShellScript - シェルスクリプトを書くときに気をつける9箇条 - Qiita [キータ]
    ",4,"2013-10-09 12:06:15.015008","2013-11-04 07:25:33.498807",0.783559803543123,"2013-10-12 05:35:49.842167","
あくまでも個人的なものであるので、傍から見るとナンセンスな項目があるかもしれませんが、建設的な意見や批判などは大歓迎なので、コメント欄などからお願いします。
1. グローバル変数は大文字
PATH や HOME など、環境変数が大文字なので、エクスポートする変数を大文字で書くという習慣は一般的であるような気がしますが、エクスポートする変数を抱えるシェルスクリプトを作成する機会が稀なので。
グロー",no_image.png,,,165,
159,http://headlines.yahoo.co.jp/hl?a=20131010-00000012-tospoweb-ent,"ジャニーズ解雇！田中聖「下半身露出写真」のネタ元は元ＡＶ女優 （東スポWeb） - Yahoo!ニュース",2,"2013-10-10 15:20:43.288523","2013-11-04 07:25:33.807652",1,"2013-10-10 15:20:43.360290","
ジャニーズ事務所は9日、「度重なる事務所のルール違反行為があったことから、9月30日付にてKAT—TUNの田中聖(27)との専属契約を解除」と発表した。くしくもクビ宣告と同じ日、田中の下半身露出写真が雑誌グラビアを飾っていた。修整入りだが、相当グロテスクなどアップ写真ばかり…。このネタ元は、田中と同い年でかつて付き合いのあった元人気AV女優・倖田梨沙(27)だという。ジャニタレにもモテモテの元カ",http://amd.c.yimg.jp/im_siggdGG9_oIUVbDqM6KVcgjgTg---x166-y200-q90/amd/20131010-00000012-tospoweb-000-6-view.jpg,,,37,
160,http://qiita.com/ken_c_lo/items/4cb49f0fb74e8778804d,"
      git - 英語コミットコメントに使えるオシャレフレーズ集 - Qiita
    ",4,"2013-10-10 15:23:45.941064","2013-11-04 07:25:33.908211",1,"2013-10-10 15:23:45.972073","
英語コミットコメントに使えそうなオシャレフレーズを聞いたので、これを使ってドヤ顔コミットをしたくてやれるチャンスを虎視眈々と狙う毎日です 
v, x, g, z とかこのへんが入ってる単語だとなんかカッコ良さ増す。
tweak とかデザイナーにはだいぶ便利。
単語
意味
",no_image.png,,,165,
161,http://masamitsu-murase.blogspot.jp/2013/05/windows-ruby-2.html,"覚え書き: Windows 上の Ruby 2.0 での sqlite3 の利用",4,"2013-10-11 10:44:28.867472","2013-11-04 07:25:33.967044",1,"2013-10-11 10:44:28.969759","最近は仕事が忙しすぎて、 mruby もブログも触る暇がないですが、久しぶりの備忘録です。
いくつか mruby などでリクエストをいただいていますが、なかなか対応できていなくて、本当にすみません。
MinGW 版 32bit Ruby 2.0 での sqlite3 の利用
2013年5月27日時点では、 sqlite3 の Windows 用 gem (version 1.3.7) には Rub",no_image.png,,,162,
162,http://t.hash.bz/archives/3281249.html,"インターネットでカネを稼ぐ方法は五ツしかない : ミームの死骸を越えてゆけ",8,"2013-10-12 01:04:31.511881","2013-11-04 07:25:34.047337",0.896150501946605,"2013-10-12 05:35:44.998078","",http://www.venturenow.jp/main-img/tsubaki_100913-01-2.jpg,0,,154,
163,http://netallica.yahoo.co.jp/news/20131012-00000301-cyzowoman,"非難殺到の『古畑任三郎 VS SMAP』続編、三谷幸喜がフジへの不満と真相を暴露 - ネタりか",2,"2013-10-12 15:17:04.898493","2013-11-04 07:25:34.104780",1,"2013-10-12 15:17:04.948056","
『SMAP×SMAP』(フジテレビ系)公式サイトより
9月30日、フジテレビ開局55周年特別番組『SMAP GO!GO!』内で放送された『古畑任三郎 VS SMAP その後』。その舞台裏を、演出・脚本を担当した三谷幸喜が、10日付の朝日新聞夕刊の連載「三谷幸喜のありふれた生活」で明かしている。1999年に放送された作品の14年ぶりの続編となったが、古畑こと田村正和の復活に期待したファンからは、不",http://amd.c.yimg.jp/amd/20131012-00000301-cyzowoman-000-0-view.jpg,,,63,
164,http://www.cinematoday.jp/page/N0056572,"亀梨和也＆玉置浩二、新ユニット「堀田家 BAND」結成！ - シネマトゥデイ",2,"2013-10-12 15:21:51.774026","2013-11-04 07:25:34.158199",1,"2013-10-12 15:21:51.824457"," [シネマトゥデイ芸能ニュース] 22日、連続ドラマ「東京バンドワゴン～下町大家族物語」の制作発表会見が、日本テレビにて行われ、KAT-TUNの亀梨和也と玉置浩二が「堀田家 BAND」としてスペシャルユニットを結成し、11月6日にシングル「サヨナラありがとう」をリリースすることを発表した。
亀梨和也&玉置浩二、新ユニット「堀田家 BAND」結成! 画像ギャラリー
亀梨、玉置のほか、出演者の多部未華",http://s.cinematoday.jp/res/N0/05/65/v1379825793/N0056572.jpg,0,,312,
165,http://morizyun.github.io/blog/count-order-active-record-rails/,"ActiveRecordでgroup byしてカウントをして、カウント数でorderする - 酒と泪とRubyとRailsと",4,"2013-10-13 05:27:50.685835","2013-11-04 07:25:34.491443",1,"2013-10-13 05:27:50.881343","今回は本当に自分用のメモです。ActiveRecordで特定のカラムをgroup byしてカウントして、そのカウント数を元にorder byして、配列で取得する手順です。日本語おかしいと思いますんで、コードでw
",http://ws.assoc-amazon.jp/widgets/q?_encoding=UTF8&ASIN=4839921946&Format=_SL160_&ID=AsinImage&MarketPlace=JP&ServiceVersion=20070822&WS=1&tag=morizyun00-22,1,,414,
166,http://www.nikkei.com/article/DGXZZO60964820R11C13A0000000/,"理不尽ＣＳ、巨人が負けたら変わるのか　　：日本経済新聞",8,"2013-10-13 06:53:39.948093","2013-11-04 07:25:34.543629",1,"2013-10-13 06:53:40.052978"," プロ野球はクライマックスシリーズ(CS)、日本シリーズという1年のヤマ場を迎える。レギュラーシーズン大詰めのパ・リーグ、西武―ロッテの最終戦は2、3位を決める直接対決となり、大入り満員になるほど盛り上がった。
",no_image.png,2,2,271,
167,http://b.hatena.ne.jp/entry/bobcoffee.hatenadiary.com/entry/2013/10/13/091908,"はてなブックマーク - 貧乏人はこれを買え。-オススメする健康家電5品 - 貧乏人は麦を食え。年収２００万円時代を生きる方法-bobcoffeeの麦食指南",6,"2013-10-13 06:56:11.485756","2013-11-04 07:25:34.622954",0,"2013-10-13 07:42:00.247213","",no_image.png,1,0,65,
168,http://juggly.cn/archives/97135.html,"Xperia Z SO-02EのAndroid 4.2アップデートは10月15日に実施される予定らしい | juggly.cn",4,"2013-10-13 07:12:24.568632","2013-11-04 07:25:34.694932",1,"2013-10-13 07:41:58.832016","
Xperia Z SO-02EのAndroid 4.2アップデートが週明けの10月15日に実施されるというクチコミが価格.comに投稿されていました。
情報元はドコモショップの店員さんとされています。配信時刻は15日18時以降らしいのですが、Xperia Aの場合は午前中に開始されていたので、Xperia Zも午前中に配信開始となる可能性があります。
ショップ店員が明かしたAndroid 4.2",no_image.png,1,1,228,
169,https://qiita.com/tags,"
      タグ一覧 - Qiita [キータ]
    ",4,"2013-10-13 09:44:06.326999","2013-11-04 07:25:34.751626",1,"2013-10-13 09:44:06.439353","Qiitaに登録されているタグの一覧です。JavaScript、Ruby、PHP、iPhone、Android、Vim、Emacs、Objective-C、CoffeeScript、gitなど、Qiitaでは毎日様々なジャンルの投稿がされています。気になるタグを探してフォローしてみましょう。
",no_image.png,3,2,165,
170,http://matome.naver.jp/odai/2138157703873980001,"ノンタンの使用機材まとめ - NAVER まとめ",8,"2013-10-13 09:46:27.153623","2013-11-04 07:25:34.793527",0,"2013-10-13 14:19:18.271865","元気な猫の男の子ノンタンを主人公とした絵本のシリーズで、1976年に最初の絵本『ノンタンぶらんこのせて』が刊行。その後、絵本はもちろんのこと、CD、テレビアニメ、キャラクター商品などでも人気を博している。(Wikipediaより)きっと、誰でも一度は目にした事あるノンタン。子供の頃を思い出して懐かしい人も多いと思います。
",no_image.png,1,0,503,
171,http://www.appbank.net/2013/10/13/iphone-news/677392.php,"iPhone付属イヤフォン「EarPods」は高機能！タダのイヤフォンじゃないんです。 - たのしいiPhone！ AppBank",4,"2013-10-13 09:49:37.241094","2013-11-04 07:25:34.901531",1,"2013-10-13 09:49:37.397681","iPhoneを買ったみなさん、EarPodsを箱に入れたままにしていませんか?
iPhone付属の「EarPods」。ただのオマケと思ったら大間違い!iPhoneの色々な操作ができる高機能イヤフォンなんです。
ツルンとしているのに、つけやすく落ちにくい形や付属品と思えない音質など。EarPodsのいいところ、色々紹介していきますっ!
付けやすく、外れにくい形
まずEarPodsを見て気づくのは、タ",http://imgc.appbank.net/c/wp-content/uploads/2013/10/pauls1007earpds-1.jpg,2,1,478,
172,http://qiita.com/yucchiy/items/2ccb3891111b067be58e,"
      ruby-opencvでカメラを利用する - Qiita [キータ]
    ",4,"2013-10-13 09:51:24.991393","2013-11-04 07:25:34.953470",1,"2013-10-13 09:51:25.037894","
前回は画像から顔検出を行う方法を紹介したが, カメラも使えるといろいろ面白そうだなーと思い調べてみた.
動作環境
OS
MacOSX 10.8
Ruby
ruby 2.0.0p0
OpenCV
2.4.6
詳しくは前回を参考に.
カメラを利用する
以下のソースでカメラからIplimageクラスの画像データを取得できる.
#!/usr/bin/env ruby
require 'opencv'
i",no_image.png,2,1,165,
173,http://qiita.com/nejiko96/items/cae82f3258b05e986d17,"
      Ruby - 積み木の水槽 - Qiita [キータ]
    ",4,"2013-10-13 09:51:39.203109","2013-11-04 07:25:35.270853",1,"2013-10-13 09:51:39.232768","# 積み木の水槽
# http://qiita.com/Nabetani/items/936e7885f4c607472060
# http://nabetani.sakura.ne.jp/hena/ord13blocktup/
#
def tank_full(blocks_str)
blocks = blocks_str.split("""").map{ |b| b.to_i }
water_lev",no_image.png,3,1,165,
174,http://qiita.com/toyama0919/items/3e165e41232266edbb23,"
      rubyのgeocoderの使い方 - Qiita
    ",4,"2013-10-13 09:59:20.504348","2013-11-04 07:25:35.323879",0.662870316182645,"2013-10-14 02:28:03.122778","require 'geocoder'
require 'pp'
Geocoder.configure(:language  => :ja,  :units => :km )
pp Geocoder.address(""東京タワー"")
pp Geocoder.search(""東京タワー"")
pp Geocoder.search(""210.194.198.60"")
pp Geocoder.address",no_image.png,3,1,165,
175,http://hitode909.hatenablog.com/entry/2013/10/14/094604,"テスト書きすぎ問題 - hitode909の日記",8,"2013-10-14 10:05:13.038575","2013-11-04 07:25:35.371785",1,"2013-10-14 10:05:13.173603","
テスト書きすぎるとよくないって言ってる人がいた.DHHっていう人.作業時間の1/3以上テストしてたらおかしいとか,ActiveRecordのバリデーションなど,Railsの機能はテストしない,とか.
Signals vs. Noiseの去年のエントリに、テストをどれくらい書くべきかということについてDHHが指針を示していたものがあったので... - Sooey
偉い人が言ってるからという理由で,",http://farm4.staticflickr.com/3342/3635855039_485d054d6b.jpg,1,1,80,
176,http://www.zakzak.co.jp/economy/ecn-news/news/20131013/ecn1310131730003-n1.htm,"外国人社員にはキツい「関西弁」　理解不能なツッコミで誤解招くリスク  (1/2ページ)  - 経済・マネー - ZAKZAK",8,"2013-10-14 10:37:58.882535","2013-11-04 07:25:35.442389",1,"2013-10-14 10:37:58.936913","【ビジネスの裏側】 その関西弁、外国人社員に正しく伝わっていますか?−。クボタやパナソニックなど、関西に本社拠点を置く企業が共同で、関西企業向けの外国人社員受け入れマニュアル作成に取り組んでいる。標準語の日本語を学んだ外国人に関西弁の意味やニュアンスは理解されにくく、ミスコミュニケーションにつながりかねないためだ。だが、生粋の関西人に標準語で仕事をしろというのも酷な話。マニュアルで、両者の距離はど",no_image.png,1,1,165,
177,http://www.danshihack.com/2013/10/14/junp/accessup_gunosy.html,"アクセスアップのためのはてなブックマーク狙いの時代は終わり、Gunosyの時代が来ている | 男子ハック",4,"2013-10-14 10:39:01.596326","2013-11-04 07:25:35.506883",1,"2013-10-14 10:39:01.850332","
明らかに「はてなブックマーク」が少なくなっています。前年の同期間と比べると、はてなブックマーク経由は-48.97%、Gunosyは+5,183.07%です。
はてなブックマークのアルゴリズムが変更されたり、Gunosyのアプリが登場したりと様々な要因がありますが、一時期誰もが口を揃えて言っていた「はてなブックマークを狙え」という手法の時代は完全に終わりの時期に来たと感じています。
それ以外",http://www.danshihack.com/wordpress_r/wp-content/uploads/2013/06/dh_logo_ios7_2.png,1,1,65,
178,http://headlines.yahoo.co.jp/hl?a=20131014-00000019-tospoweb-ent,"ノブコブ徳井　前代未聞「不倫現場」生配信の顛末 （東スポWeb） - Yahoo!ニュース",2,"2013-10-14 14:25:57.591278","2013-11-04 07:25:35.569162",1,"2013-10-14 14:25:57.700989","
お笑いコンビ「平成ノブシコブシ」徳井健太(33)が、とんでもない騒動を巻き起こした。若手女芸人との不倫現場を、よりにもよってネットで生配信してしまったのだ。前代未聞の放送事故にネット上は大騒然。いったいなぜこんな事態になったのか? 騒動を追跡すると、思わぬ結末が見えてきた。
ネットに徳井の痴態が流れてしまったのは、13日深夜のことだ。徳井も卒業した吉本のお笑い養成学校「NSC東京校」17期生(2",http://amd.c.yimg.jp/im_siggxUsfo9tuuS1V5Z66QQNgBg---x124-y200-q90/amd/20131014-00000019-tospoweb-000-8-view.jpg,3,1,358,
179,http://www.color-hex.com/,"Color Hex Color Codes",4,"2013-10-14 16:56:21.810245","2013-11-04 07:25:35.605940",1,"2013-10-14 16:56:21.896545","
Color-hex.com gives information about colors including color models (RGB,HSL,HSV and CMYK), Triadic colors, monochromatic colors and analogous colors calculated in color page. Color-hex.com also gene",no_image.png,1,1,408,
180,http://www.goto.info.waseda.ac.jp/~wei/weiki/index.php?document%2Fruby%20nokogiri%20%A5%B9%A5%AF%A5%EC%A5%A4%A5%D4%A5%F3%A5%B0,"document/ruby nokogiri スクレイピング - weiki (作業ログやそのまとめ)",4,"2013-10-15 09:50:30.093369","2013-11-04 07:25:35.942910",1,"2013-10-15 09:50:30.227169","document
ruby nokogiri スクレイピング  &dagger;
これが一番役に立った
スクレイピングのためのNokogiri利用メモ - それはそれ。これはこれ。 http://d.hatena.ne.jp/otn/20090509/p1
(3) 基本的な処理パターン
Document 等の Nokogiri::XML::Node または Nokogiri::XML::NodeS",no_image.png,2,1,171,
181,http://www3.nhk.or.jp/news/html/20131015/k10015276901000.html,"関東で「１０年に一度の台風」　NHKニュース",7,"2013-10-15 12:05:40.386563","2013-11-04 07:25:35.993499",1,"2013-10-15 12:05:40.448520","気象庁は15日午前、臨時の記者会見を行い、「関東に接近する台風としては『10年に一度』の強さとなる。早めの避難を心がけるとともに不要な外出は控えてほしい」と、厳重な警戒を呼びかけました。
気象庁予報課の内田裕之主任予報官は15日午前、臨時の記者会見を行いました。このなかで内田主任予報官は「台風26号は、16日の朝、強い勢力で関東地方にかなり接近する見込みで、上陸するおそれもある。関東地方に接近す",no_image.png,1,1,497,
182,http://headlines.yahoo.co.jp/hl?a=20131015-00000052-dal-ent,"キムタク　安堂ロイドＨＰでブログ開設に大反響　放送終了後は「目頭熱く」 （デイリースポーツ） - Yahoo!ニュース",2,"2013-10-15 12:06:37.506671","2013-11-04 07:25:36.068427",1,"2013-10-15 12:06:37.683770","
13日にスタートした、SMAPの木村拓哉主演のTBS系ドラマ「安堂ロイド〜A.I. knows LOVE?〜」(日曜、午後9・00)の初回視聴率が関東地区で19・2%(ビデオリサーチ調べ)を記録したことが15日、分かった。また、木村は同番組の公式ホームページで、役柄の沫嶋黎士としてブログを開設。キムタクの生の声が直接聞ける貴重な機会とあって、大反響となっている。【写真】浜崎あゆみ、長瀬への思い吹",http://amd.c.yimg.jp/im_siggnmuONI1swqxHOVOJe4O59A---x166-y200-q90/amd/20131015-00000052-dal-000-7-view.jpg,1,1,99,
183,http://zasshi.news.yahoo.co.jp/article?a=20131015-20150029-webhon-ent,"フェイスブック「いいね！」すると逮捕？　ネット自由度の低い国1位は （BOOKSTAND） - Yahoo!ニュース",8,"2013-10-15 12:08:00.676825","2013-11-04 07:25:36.158785",1,"2013-10-15 12:08:00.858236","
今や一大SNSとなったフェイスブック。その機能のひとつとして活躍しているのが「いいね!」ボタンです。ほかの人の投稿に対して、その名の通り「いいね!」と思った旨を伝えることができる便利なツールで、簡単にコミュニケーションを図ることができます。しかし、国によってはこのフェイスブックの投稿はもちろん、投稿記事に「いいね!」することさえ禁じている地域があることをご存知でしょうか。
そのことを報じているの",http://news.c.yimg.jp/images/media_module/webhon.jpg?v=1377260148,1,1,113,
184,http://zasshi.news.yahoo.co.jp/article?a=20130829-00000020-pseven-ent,"どん底の満島ひかり下積み時代を支えたミッツ・マングローブ （NEWS ポストセブン） - Yahoo!ニュース",8,"2013-10-15 12:08:20.855802","2013-11-04 07:25:36.236430",1,"2013-10-15 12:08:20.925998","
ドラマ『Woman』(日本テレビ系)でシングルマザーを演じ、多くの女性団を泣かせている満島ひかり(27才)。その秘密は挫折と家族にあった。
沖縄出身の満島は、ともに中学校の体育教師だった両親のもと、弟2人、妹1人の4人きょうだいの長女として生まれ育った。父は元サッカー日本代表・トルシエ監督似のフランス系アメリカ人のハーフで、満島はクオーターだ。
「お父さんは地元の中学のバスケットボール部で顧問を",no_image.png,1,1,64,
185,http://www.nhk.or.jp/shutoken-news/20131015/5273961.html,"台風に備え 都内ホテル満室に - NHK 首都圏 NEWS WEB",7,"2013-10-15 13:58:09.170584","2013-11-04 07:25:36.283074",1,"2013-10-15 14:33:36.417685","
大型で強い台風26号の接近に伴い、東京都内のホテルは出勤が困難になることに備えた人たちなどの予約で、満室になるところが増えています。このうち東京・渋谷の渋谷東武ホテルでも、およそ200室ある部屋がすでに予約で満室になっています。連休明けのこの時期は、通常、ビジネスで出張する人の予約が大半だということですが、14日からは台風で出勤が難しくなることに備えて、会社員などからの問い合わせが相次ぎ、スタッ",no_image.png,1,1,495,
186,http://itpro.nikkeibp.co.jp/article/COLUMN/20130308/461985/?ST=network,"賢者が描く10年後のインターネット - 賢者が描く10年後のインターネット：ITpro",8,"2013-10-16 11:38:21.053672","2013-11-04 07:25:36.326712",1.9729605646213,"2013-10-16 12:47:55.997735","
農業革命、工業革命、そして情報革命——。20世紀の終わりに発生した第3の革命はまだ始まったばかりだ。
しかし、20年前と比べれば生活の変わりように気づくはず。圧倒的利便性によって、インターネットは急速にライフラインになった。もはやこの便利な生活を放棄して後戻りすることはできない。
2008年に1兆だったページの数は現在、30兆。ネット利用者数もまた現在の23億人からさらに膨れ上がっていく。あらゆ",no_image.png,1,2,253,
187,http://paperboy-all.github.io/docs/github/workflow.html,"github を用いた開発フローテンプレート",4,"2013-10-17 14:27:49.445006","2013-11-04 07:25:38.868986",1,"2013-10-17 14:27:49.609291","Development(開発の進め方)
GitHub Flow に準ずる
masterブランチは常にデプロイ可能な状態としなければならない
テストが失敗する状態にある場合は直ちに修正するべきである
テストが通っていない状態の場合、デプロイすることは許されない
新しい何かに取り組む際は、 pull request を用いるべきである
ブランチは master から作成し、ブランチ名は説明的な名前とす",no_image.png,1,1,216,
188,http://nigohiroki.hatenablog.com/entry/2013/10/17/001754,"これからWeb系のベンチャーで起業しようと思っている人へ考慮しなければいけないリストを作成した ~技術編~ - nigoblog",4,"2013-10-18 00:35:59.008622","2013-11-04 07:25:39.772619",1,"2013-10-18 00:35:59.072121","Web系に限らずですがとにかくいろんなことを考えなければいけません。業界で3年以上やっていたエンジニアならいざしれず、非エンジニアやフロントエンドしか触ったことのないエンジニア。
そして学生等々、Web系ベンチャーをやるには案外考えることが多いんだぜってことを伝えたいと思います。
開発編
運用編
まとめ
という流れで説明します。
開発編
主にサービスローンチまでのプロセス。
最近でいうとMVP (",http://ecx.images-amazon.com/images/I/51%2BUj1CI5tL._SL160_.jpg,1,1,11,
189,http://nigohiroki.hatenablog.com/entry/2013/08/18/221434,"SSHの仕組み!ぼんやりとした理解だったものをすっきりさせようの会 - nigoblog",4,"2013-10-18 00:36:19.231322","2013-11-04 07:25:40.725512",1,"2013-10-18 00:36:19.272769","特にシリーズ化を目論むわけではないですが、
完全に理解しているわけではないけど、使える。
みたいなものってありますよね。そういうのはよくないのでしっかりと理解しよう!
というテーマでやります。今回はSSHの仕組みについて書いていこうと思います。
参考記事
概要 ~SSHとは~
SSHの仕組みを理解するための用語
鍵交換方式の仕組みと実際のコマンド
便利なオプション
まとめ
このような流れで書いてい",http://cdn-ak.f.st-hatena.com/images/fotolife/n/nigohiroki/20130818/20130818124121.png,1,1,490,
190,http://www.slideshare.net/schoowebcampus/ss-25443845/,"スタートアップはどうすればメディアにとりあげてもらえるのか　先生：上村 康太",8,"2013-10-18 06:36:25.908197","2013-11-04 07:25:41.302745",0,"2013-10-22 05:24:31.770071","This activity has also been shared with your LinkedIn network

                        We have emailed the verification/download link to """".
                        
                        Login to y",http://image.slidesharecdn.com/schoo20130821-130821034103-phpapp01/95/slide-1-638.jpg?1377074568,1,0,471,
191,http://schoo.jp/class/240,"クラウドファンディングサービス、CAMPFIRE代表の石田光平先生に学ぶ、サービスの作り方",4,"2013-10-18 06:36:36.646648","2013-11-04 07:25:41.943720",0,"2013-10-22 05:24:31.720118","この授業は、「起業前に知っておきたい、の具体策」として、シリーズで開講されており、起業前〜起業して間もない方が対象となっています。
クラウドファンディングサービス、CAMPFIREを運営する株式会社ハイパーインターネッツより代表の石田光平さんを先生としてお招きして授業を開講します!サービス立ちあげから、運営する際に直面した事柄について、経験談を基に授業を進行します。
起業検討中の方から、会社を始め",no_image.png,1,0,411,
192,http://headlines.yahoo.co.jp/hl?a=20131019-00000876-bengocom-soci,"テレビでおなじみ「負けたら食事代おごり」のゲーム 「賭博罪」にはならないの？ （弁護士ドットコム） - Yahoo!ニュース",7,"2013-10-19 17:35:35.997716","2013-11-04 07:25:42.673190",1,"2013-10-19 17:35:36.168128","
参加者が金額を見ずに料理を注文していき、あらかじめ設定された金額に近づける。もっとも遠い金額になった者は、他の参加者の分まで「自腹」で食事代を支払わなければならない——。バラエティ番組『ぐるぐるナインティナイン』(日本テレビ系)の人気コーナー「ゴチになります!」でおなじみのゲームだ。
最近では、他のテレビ番組でも「負けたら全員分を自腹で支払う」ゲームを見かけるようになってきたが、よくよく考えてみ",http://amd.c.yimg.jp/im_siggZM8fPTP0gnPRyb8Izpa9ow---x200-y133-q90/amd/20131019-00000876-bengocom-000-1-view.jpg,1,1,66,
193,https://code.google.com/p/bayon/wiki/Tutorial_ja,"Tutorial_ja - 
 bayon -
 
 
 a simple and fast clustering tool - Google Project Hosting
 ",4,"2013-10-20 12:42:48.358510","2013-11-04 07:25:43.411974",1,"2013-10-20 12:42:48.508745","Tutorial of bayon in Japanese はじめに更新情報ダウンロードインストールツールの使用方法入力データのクラスタリングクラスタ数を指定して実行する場合分割ポイントを指定して実行する場合クラスタの中心ベクトルを保存する場合クラスタリング手法を変更する場合乱数のseed値を変更する場合ドキュメントに類似するクラスタの特定転置インデックス用オプション共通オプション入力データのフォ",no_image.png,1,1,443,
194,http://d.hatena.ne.jp/mat_aki/20100113/1263378918," [youRoom][rails][plugin] Railsで非同期処理を行うには""Delayed_job""がおすすめ - mat_akiの日記",4,"2013-10-20 15:22:58.085384","2013-11-04 07:25:47.851180",0,"2013-10-20 15:47:30.320833"," [youRoom][rails][plugin] Railsで非同期処理を行うには""Delayed_job""がおすすめ
明けましておめでとうございます。本年もよろしくお願いします。
今年初ブログは、Railsネタで始めたいと思います。
Railsで非同期処理を行いたいと思うことはありませんか?
例えば、メールの送信をオンラインで実行すると送信が終わるまでレスポンスを返せないのでユーザの待ち時間が",no_image.png,1,0,408,
195,http://blog.nzm-o.com/item/222,"Railsで非同期処理が簡単に実装できる「Delayed_job」が便利すぎる - nzm_o。",4,"2013-10-20 15:23:53.154272","2013-11-04 07:25:48.489448",1,"2013-10-20 15:23:53.291542","Railsで入力画面からDB登録をして、メールを送って、画像リサイズして、Tweetして…完了画面を出すなんてときに、DB登録以外の処理を非同期にして、サクっと画面を出すときに使えるプラグインです。
仕組みとしては、「delayed_jobs」というテーブルに実行予約させる処理を登録して、 定期的にdelayed_jobsプロセスが予約済みの処理を順次実行していってくれます。
※以下のサイトを参考",http://ecx.images-amazon.com/images/I/5168IDfvKXL._SL160_.jpg,1,1,408,
196,http://blog.madoro.org/mn/17,"
GitHub製Resqueを使用したRubyでのバックグラウンド処理(バッチ処理) - 
Masatomo Nakano Blog
",4,"2013-10-20 15:27:54.748821","2013-11-04 07:25:49.419302",1,"2013-10-20 15:27:54.821953","
そこそこの規模のWebシステムになってくるとバックグランド処理(batch処理)は欠かせないものになってくる。メールの送信、データの日次、月次、年次処理、削除(フラグ)データのpurgeやバックアップ、等々いろいろな物が出てくる。
現在はBackgrounDRbを使っているが、いろいろといまいちなので今回Resqueを評価してみた。ちょっと触った段階での第一印象をメモ。
まず、バッチ処理系で評価",no_image.png,1,1,408,
197,http://memo.yomukaku.net/entries/PHHvwtM,"Rails 4の非同期キュー: ActiveSupport::Queue - memo.yomukaku.net",4,"2013-10-20 15:37:14.640286","2013-11-04 07:25:50.144182",1,"2013-10-20 15:37:14.737842","
memo.yomukaku.net
2012-12-11 15:00
Rails 4の非同期キュー: ActiveSupport::Queue
Rails 4から標準で非同期のキューが使えるようになるようです。
Railsの世界にはすでにdelayed_jobやresqueのようなgemがあり、バックグラウンドでジョブを実行することができました。
Initial queue implementa",no_image.png,1,1,408,
198,http://www.amazon.co.jp/gp/product/4873116449/ref=s9_simh_gw_p14_d5_i4?pf_rd_m=AN1VRQENFRJN5&pf_rd_s=center-5&pf_rd_r=1B8972DZH69TWCX0W5X6&pf_rd_t=101&pf_rd_p=148901269&pf_rd_i=489986,"Amazon.co.jp： 入門 Unix for OS X 第5版: Dave Taylor, 酒井 皇治: 本",4,"2013-10-21 14:07:50.339316","2013-11-04 07:25:54.696616",1,"2013-10-21 14:07:50.450870","ロングセラー書の改訂第5版。OS Xで初めてUnixに触れる人にとって必要な情報は何かを簡潔にまとめた、Macユーザにとっても敷居が高くないUnixコマンドの解説書。Unixシステムでよく使われるコマンドを網羅的に解説します。コマンド例を示しながら詳しく丁寧に説明しているので、読者はターミナルアプリを操作し実際にコマンドを試しながらUnixの基礎を学ぶことができます。本書を読み進めながらUnixの",http://g-ec2.images-amazon.com/images/G/09/gno/beacon/BeaconSprite-JP-02._V393500380_.png,1,1,305,
199,http://www.amazon.com/gp/product/B000NQRE9Q/ref=s9_qpp_gw_d99_g74_ir03?pf_rd_m=ATVPDKIKX0DER&pf_rd_s=center-5&pf_rd_r=1JS0Y4VZMR0PEDPPW98G&pf_rd_t=101&pf_rd_p=1630072322&pf_rd_i=507846,"Amazon.com: Indiana Jones: The Complete Adventures [Blu-ray]",4,"2013-10-21 14:15:11.882016","2013-11-04 07:25:55.416108",1,"2013-10-21 14:15:11.926772","Raiders of the Lost ArkIt&rsquo;s said that the original is the greatest, and there can be no more vivid proof than Raiders of the Lost Ark,  the first and indisputably best of the initial three India",http://g-ecx.images-amazon.com/images/G/01/gno/beacon/BeaconSprite-US-01-plus._V357795017_.png,1,1,97,
200,http://shnya.jp/blog/?p=446,"社会人からのTopCoder SRM参加のススメ | Story of Your Life",8,"2013-10-21 16:04:58.117219","2013-11-04 07:25:56.023314",1,"2013-10-21 16:04:58.165788","先行き不安ながらもなんとかDiv1で戦うことができるようになったのを記念して、TopCoderに参戦してからこれまでのことを、つらつらと振り返りたいと思います。まぁこれが読まれる頃には次のSRMに参加してDiv2に落ちているかもしれないのですが・・・。
最初の一歩
一番最初にTopCoderにユーザ登録したのは3年以上前の学生時代の頃でした。
その頃に一度SRM(シングルラウンドマッチ)の過去問を",http://shnya.jp/blog/wp-content/themes/twentyten/images/headers/fern.jpg,1,1,408,
201,http://qiita.com/xend/items/79184ded56158ea1b97a,"
      Ruby - ActiveRecordで複数レコード、BULK INSERTする方法とパフォーマンスについて - Qiita [キータ]
    ",4,"2013-10-22 05:24:22.553896","2013-11-04 15:55:34.405100",4.94893449459691,"2013-11-04 15:55:34.403082","
FrogApps 技術ブログ始めました!
RailsやiOS、HTML5の情報を発信中!!  http://qiita.com/teams/frogapps
あるテーブルに対して複数のレコードを同時に登録したいことがあります。
このときに登録する数だけINSERTを発行するのはあまり効率がよくありません。
そこでBULK INSERTと言われる単発のSQLで一括登録する方法がよく使われます。
B",no_image.png,2,2,165,
202,http://uiuret.hatenablog.com/entry/2013/10/22/191729,"留年確定しました - 運河",5,"2013-10-22 15:56:21.028284","2013-11-04 07:25:57.159145",1,"2013-10-22 15:56:21.118572","
photo by Iqbal Osman1
このたび留年が確定しました。必修授業において出席数が足りなくなり、4年生に進級するために必要な単位を揃えることが不可能になったためです。
現状
いつまでに卒業できるかも分からない状況。もし仮に前学期と同じペースで単位を取得していくとすると、20年後に晴れて卒業できるという計算になる。
具体的に詳しく言えば、現在京都大学の工学部情報学科の3回生なのだけど",http://farm3.staticflickr.com/2821/10345702963_5fbcfd2bb8.jpg,1,2,338,
203,http://www3.nhk.or.jp/news/html/20131022/k10015472811000.html,"「笑っていいとも！」終了へ　NHKニュース",2,"2013-10-22 15:56:42.463445","2013-11-04 07:25:57.759200",1,"2013-10-22 15:56:42.560187","タレントのタモリさんが司会を務めて30年以上続き、ギネス世界記録にも認定された民放のバラエティ番組「笑っていいとも!」が、来年3月いっぱいで終了することになりました。
番組の終了は、22日に放送された番組の中で、タレントの笑福亭鶴瓶さんの問いかけに、司会のタモリさんが「来年の3月で終わります」と答えるかたちで、明らかにされました。「笑っていいとも!」は、昭和57年に放送が始まったフジテレビのバラ",no_image.png,1,1,106,
204,http://hacklog.info/,HACKLOG.info,4,"2013-10-23 22:10:37.207616","2013-11-04 07:25:57.946039",1,"2013-10-23 22:10:37.253177","Hondaの新作PV、今回もまたヒネリあってかっちょええ(動画あり)
HONDAの新作ビデオです!HONDAのPVはいつもひねりがあってオシャンティMAXですよね。ホンダの歴史を2分で振り返るPVには涙すらしましたよ…。今回の舞台は、うす暗い怪しげなラボ。部屋に響く気持ちのよいエンジン音。 [...]
",http://stat.profile.ameba.jp/profile_images/20130219/13/a8/dc/j/o020002701361247589677.jpg,1,1,261,
205,http://tech.gmo-media.jp/post/45955244694/rails-rspec-model,"Railsの自動テスト(RSpecでModelのテスト編) - rails rspec テスト | GMOメディア エンジニアブログ",4,"2013-10-24 01:46:46.191794","2013-11-04 07:25:58.641998",1,"2013-10-24 01:46:46.250269","Railsの自動テスト(RSpecでModelのテスト編)
いよいよJリーグも始まり、嬉しく思っているGMOメディア技術推進室の中村です。今年は何処が優勝するのでしょうかね?自分が応援しているチームが優勝すると良いのですが・・・。
今回はRailsで自動テストをする時に使うRSpecを紹介したいと思います。RSpecはBDD(behavior driven development) 用のテストフレ",no_image.png,1,1,408,
206,http://higelog.brassworks.jp/?p=1406,"seed.rbの内容をテストで使う | ひげろぐ",4,"2013-10-24 04:23:48.370870","2013-11-04 07:25:58.968896",1,"2013-10-24 04:23:48.420000","テスト用DBを構築してスキーマも整えた上で以下のコマンドを打つ。
$ rake db:seed RAILS_ENV=test
簡単な話だ。
そしてautotestで回しているうちはこれで問題なかった。
が、rakeやrake specでテストを実行するとテストDBのデータがクリアされてしまい、seed.rbで入れたデータも消え去ってしまうという問題に遭遇。
どうしたものかとRakeタスクの内容を追",no_image.png,1,1,82,
207,http://takiguchi0817.github.io/blog/2013/03/28/rspec-on-rails/,"はじめてのRspec on Rails(コントローラ編) - Just posted a blog",4,"2013-10-24 04:33:02.958876","2013-11-04 07:26:03.891645",1,"2013-10-24 04:33:03.006400","$ vim config/database.yml
test:
adapter: mysql2
encoding: utf8
reconnect: false
database: app_database_test
pool: 5
username: username
password: password
host: localhost
$ rake db:create RAILS_ENV=tes",no_image.png,1,1,443,
208,http://shirusu-ni-tarazu.hatenablog.jp/entry/2012/04/01/174750,"【RSpec】before :allの罠。 - 記すに足らず。",8,"2013-10-24 05:30:20.370870","2013-11-04 07:26:04.532869",1,"2013-10-24 05:30:20.442606","テスト、書いてますか?
私の会社では今のプロジェクトからテストを書き始めたので、
RSpec本でミニ社内勉強会とかしたりしてすこしづつテストに慣れようとしています。
テスト書きづらいひどいコードになっていることに気付かされ凹みますねw
それもこれも、いつか継続的デプロイ環境?を社内に構築するため!
…いつか毎日自動でテストが流れて画面のテストも自動化されてワンクリックで本番環境にデプロイできるよう",no_image.png,1,1,414,
209,http://ozpa-h4.com/2013/03/05/compass-sass-scss-sublime-text/,"「Sublime Text」のみでCompassとSass（Scss）を使えるようセッティングしてみたのでその手順と参考にした記事まとめ | OZPAの表4",4,"2013-10-24 08:24:32.354381","2013-11-04 07:26:05.673593",0,"2013-10-24 12:16:04.070294","
いよいよ私もコーダーとしてCompassをSassりたいなーと思っていたところだったので、Macで使用中の愛してやまないテキストエディタ、「Sublime Text」にCompass、およびSass(Scss)を導入いたしました。
Compass、Sass(Scss)とは?
Sass(Scss)とは?
Sass(Scss)とは、CSSを記述するために開発されたメタ言語のこと。長くなりがちなコード",http://ozpa-h4.com/wp-content/themes/OZPA_theme_flat/img/ozpa_h4_logo.png,1,0,285,
210,http://dev.classmethod.jp/tool/scss-compass-fast-development-for-sublime-text-2-compile/,"コーダー必見、SCSS・Compassで開発効率アップ｜Sublime Text 2でコンパイル編 ｜ Developers.IO",4,"2013-10-24 08:24:44.537303","2013-11-04 07:29:38.453455",1,"2013-10-24 08:24:44.589599","はじめに
このシリーズ「すぐに使えるSCSS入門シリーズ」ではScoutを使ってコンパイルしてきました。
最近Sublime Text 2のライセンスも買って、本格的に使い始めました。
そこで、今回はSublime Text 2(Windows, Mac)を使ってコンパイルする方法を調べたので、まとめて紹介したいと思います。
この記事ではデザイナーに苦手な人が多いかもしれない黒い画面「コマンドプロ",http://d2wwfe3odivqm9.cloudfront.net/wp-content/uploads/2013/01/RubyInstaller-for-Windows-640x370.png,1,1,414,
211,http://dev.classmethod.jp/tool/emmet-sublimetext2-1/,"【便利ツール】Emmetで、ちょっと気持ちいいコーディング with sublime text 2・上巻 ｜ Developers.IO",4,"2013-10-24 08:24:59.102987","2013-11-04 07:29:40.785533",1,"2013-10-24 08:24:59.149217","
こんにちは、ちょっと年末前くらいから、「Emmet」というキーワードを聞くようになり、
日頃お世話になっている、sublme text 2でも使えるということで今回、上下巻に分けてご紹介したいと思います。
アジェンダ
Emmetとは?
誰が開発してるの?
Emmetプラグインのインストール!
インストール後の設定
どんな感じがさわってみる。
おまけ
Emmetとは?
はじめて「Emmet」を聞い",http://d2wwfe3odivqm9.cloudfront.net/wp-content/uploads/2013/01/img_emmet_01_001.jpg,1,1,443,
212,http://qiita.com/tatsuoSakurai/items/cd9e22a9dc4e10ea6deb,"
      SublimeText2/3 環境設定とか - Qiita [キータ]
    ",4,"2013-10-24 09:20:45.076117","2013-11-04 07:29:41.342721",1,"2013-10-24 09:20:45.201426","
環境壊しました。一から作ります。
あと最近使い方聞かれることが多いのでメモ的に。
初心者 Rubyist 向けです。
SublimeText3 でも動作確認しました。そろそろ普通に使ってみようと思います。
設定
Prefarences -> Settings - User というところが設定ファイル。
変更したところ
""tab_size"": 2, // Ruby は2タブが多いので。
""font",no_image.png,1,1,165,
213,http://stackoverflow.com/questions/6004057/w-rspec-how-to-seed-the-database-on-load,"ruby on rails - w RSpec, how to seed the database on load? - Stack Overflow",4,"2013-10-24 11:09:29.029102","2013-11-04 07:29:45.784697",1,"2013-10-24 11:09:29.106585","I'm using rspec for testing w my rails 3 app. I need to seed the database before the tests start. How can I seed the database with the following:
/db/seeds.rb
[""Admin"", ""Member""].each do |role_name|
R",no_image.png,1,1,443,
214,http://magazine.rubyist.net/?0021-Rspec#l69,"Rubyist Magazine - スはスペックのス 【第 1 回】 RSpec の概要と、RSpec on Rails (モデル編)",4,"2013-10-24 11:09:41.078742","2013-11-04 07:29:46.419117",1,"2013-10-24 11:09:41.118691","この連載では Test::Unit を代替するフレームワークである
RSpecの使い方や、その背後にある考え方を何回かに分けて連載形式でお届けします。
連載全体を通じて、以下のような内容を紹介したいと考えています。
RSpec とは何か。RSpec の使い方、特に Rspec on Rails を使った Rails アプリ開発への適用
テスト駆動開発の進め方と、テスト駆動開発的な設計アプローチ
R",no_image.png,1,1,408,
215,http://qiita.com/emsk/items/fbe0a4ac2269a743dc17,"
      これからテストを書き始めたい人のための Rails+RSpec+Spork+FactoryGirl チュートリアル（その２） - Qiita
    ",4,"2013-10-24 11:09:52.040633","2013-11-04 07:29:47.178012",1,"2013-10-24 11:09:52.085918","require 'rubygems'
require 'spork'
#uncomment the following line to use spork with the debugger
#require 'spork/ext/ruby-debug'
Spork.prefork do
# Loading more in this block will cause your tests to r",no_image.png,1,1,165,
216,http://d.hatena.ne.jp/CortYuming/20120526/p3," Rails 3 でやってみた --『スはスペックのス 【第 1 回】 RSpec の概要と、RSpec on Rails (モデル編)』 - 牌語備忘録 - pygo",4,"2013-10-24 11:10:09.283240","2013-11-04 07:29:47.962456",1,"2013-10-24 11:10:09.361029"," Rails 3 でやってみた --『スはスペックのス 【第 1 回】 RSpec の概要と、RSpec on Rails (モデル編)』
Rails
*1
Rubyist Magazine - スはスペックのス 【第 1 回】 RSpec の概要と、RSpec on Rails (モデル編)
元は Rails 2.0.2 と RSpec1.1.3 だったので、今現在最新の Rails 3.2.3",no_image.png,1,1,408,
217,http://blog.livedoor.jp/sasata299/archives/51277861.html,"RSpecでテストコードを書いたまとめ - (゜∀゜)o彡 sasata299's blog",4,"2013-10-24 11:10:20.223876","2013-11-04 07:29:51.704401",1,"2013-10-24 11:10:20.319666","最近は Ruby のテストに興味があっていろいろ試しています。
今気になっているのは RSpec と Cucumber の2つ。今回はまず RSpec を色々触ってみたのでそのときのログをメモってみます。RSpec については RSpec + Autotest::screen = 最高の開発環境 でも書きましたが、BDD(振舞駆動開発)のフレームワークで、describe と it という2つのメ",http://livedoor.blogimg.jp/sasata299/imgs/f/4/f482b575.jpg,1,1,408,
218,http://magazine.rubyist.net/?0021-Rspec#l50,"Rubyist Magazine - スはスペックのス 【第 1 回】 RSpec の概要と、RSpec on Rails (モデル編)",4,"2013-10-24 11:11:09.247237","2013-11-04 07:29:52.274654",1,"2013-10-24 11:11:09.333896","この連載では Test::Unit を代替するフレームワークである
RSpecの使い方や、その背後にある考え方を何回かに分けて連載形式でお届けします。
連載全体を通じて、以下のような内容を紹介したいと考えています。
RSpec とは何か。RSpec の使い方、特に Rspec on Rails を使った Rails アプリ開発への適用
テスト駆動開発の進め方と、テスト駆動開発的な設計アプローチ
R",no_image.png,1,1,408,
219,http://weekly.ascii.jp/elem/000/000/180/180318/,"
ヤフーがSmartWatch専用アプリ“雨雲レーダー”を爆速公開 台風接近もキャッチ
",4,"2013-10-25 07:46:37.533598","2013-11-04 07:29:52.790837",1,"2013-10-25 07:46:37.594658"," ヤフーはソニーの『SmartWatch 2(SW2)』に対応するAndroidアプリ『雨雲レーダー for SmartWatch』を公開した。Android版『Yahoo!地図』と連携して、SmartWatch上で雨雲の状況を確認できるアプリだ。2013年10月25日の『SW2』発売日に爆速でリリースしてきた。
機能は単純で、起動すると自動的に現在地の雨雲の様子を表示する。タップすると全国地図に",http://vsc.send.microad.jp/delivery/avw.php?zoneid=808&cb=INSERT_RANDOM_NUMBER_HERE&n=a1811b87&ct0=INSERT_CLICKURL_HERE&snr=1,1,1,127,
220,http://qiita.com/k-shogo/items/870b6d3939dd08da2de4,"
      nginx - 無料のSSL証明書StartSSLを活用する - Qiita [キータ]
    ",4,"2013-10-30 22:22:05.856382","2013-11-04 07:29:53.517564",1,"2013-10-30 22:22:05.990326","
背景
自前のサービスでhttps通信をサポートするには、SSL証明書が必要になります。
自分で使用するだけなら、SSL証明書も自前で作成するいわゆるオレオレ証明書を用いても良いのですが、外部に公開するサービスの場合そうとも行きません。
SSL証明書というと値段が高い印象がありましたが、StartSSLというサービスで無料でSSL証明書の発行を受けられると言うことで試してみました。
StartSS",http://k-shogo.github.io/assets/images/2013-10-07-start-ssl/01.jpg,1,1,165,
221,http://dailynews.yahoo.co.jp/fc/sports/matsuyama_hideki/?1383277205,"松山英樹 - Yahoo!ニュース",8,"2013-11-01 08:49:14.989875","2013-11-04 07:29:54.000694",1,"2013-11-01 08:49:15.182187","
初日28位の松山英樹が背中痛で棄権
中国・上海のシェーシャンGCで開催されている、世界ゴルフ選手権「WGC HSBCチャンピオンズ」の2日目。1アンダー28位タイで初日を終えていた松山英樹が、第2ラウンドスタート前に背中痛のため棄権した。(GDO)[記事全文]
第2Rスタート直前に棄権
・ 松山英樹が第2ラウンドスタート前に背中痛のため棄権 - ゴルフ情報ALBA.Net(11月1日)
・ 松山",http://lpt.c.yimg.jp/im_sigg2oNyALYSH_c1WFF9htZCQg---x200-y150-q90/amd/20131101-00000000-alba-000-thumb.jpg,1,1,497,
222,http://hotentry.hatenablog.jp/entry/2013/11/02/104314,"面白い記事を見つけてホッテントリに送り込んでる人達 - はてブのまとめ",4,"2013-11-02 05:48:53.230109","2013-11-04 07:29:54.402764",1,"2013-11-02 05:48:53.307865","おわりに
本来は自分達でおもしろサイトを探してくるのが一番なのだが、全員がそんな時間があるわけでもない。今回紹介した人達のブクマしたサイトを援護するだけでも、はてなブックマークは更に面白くなるんじゃないだろうか。※idコール飛びまくりですいませんm(__)m
",http://cdn-ak.f.st-hatena.com/images/fotolife/p/ponako10/20130521/20130521002040.png,1,1,294,
223,http://zasshi.news.yahoo.co.jp/article?a=20131102-00000002-pseven-bus_all,"イオンで一日過ごす「イオニスト」増殖で消費の定石変わった （NEWS ポストセブン） - Yahoo!ニュース",1,"2013-11-02 05:49:15.626102","2013-11-04 07:29:55.137172",1,"2013-11-02 05:49:15.787550","
全国に約120か所ある巨大ショッピングセンター(SC)の「イオンモール」。そこで休日に一日中過ごす家族のことを指して、イオニストなる造語まで登場している。
千葉県に住む30代主婦は、休日だけでなく平日も週に2回は近所のイオンモールに出掛けるという。
「イオンに行けば食品スーパーはもちろん、100円ショップにユニクロ、マッサージ店やクリニックまで何でも入っています。小さな子供を連れて行っても安心な",no_image.png,1,2,292,
224,http://bazubu.com/contentmarketing-14765.html,"コンテンツマーケティング｜弊社が広告費ゼロで売上を劇的に上げた方法",4,"2013-11-02 05:49:50.087684","2013-11-04 07:29:58.821389",1,"2013-11-02 05:49:50.309317","
Tweet
Tweetきっと、あなたの会社は、PPC広告に頼った集客をしていることだろう。
そしてPPC広告の単価が上昇している影響で利益率はどんどん下がってきているのではないだろうか。さらに、「今はまだいいが、このままでは3年後はどうなっているのだろう」と将来の売上に対する不安が日に日に募っていることだろう。
一方、自社の話で恐縮だが、バズ部は、全くPPC広告を出すことがなく、毎月好きなだ",http://bazubu.com/wp-content/uploads/2013/11/contents-marketing.png,1,1,253,
225,http://growthhackjapan.com/2013-11-01-13-things-you-should-know-to-increase-traffic-without-violating-google-guideline/," » グーグルのガイドラインに違反すること無くトラフィックを増やす13の心得 |  Growth Hack Japan  グロースハックの最新情報",4,"2013-11-02 05:50:31.897856","2013-11-04 07:29:59.917498",1,"2013-11-02 05:50:31.960170","
執筆: Ryutaro Mori, Vapes Inc,.(株式会社Vapes)
「SEOなんて時代遅れ」
最近良く耳にする言葉です。
事実として、ブラックハットSEO(隠しテキストや不自然な被リンク施策)に対してグーグルが監視を強める中、多くのビジネスにとってSEO対策のみで集客を行う時代は終焉に近づいていると言えるでしょう。
一方で、大手検索エンジンの月間ユニークビジター数を見ると、圧倒的に",http://static.freepik.com/free-photo/seo-vector-material_34-38521.jpg,1,1,165,
226,http://at-grandpa.hatenablog.jp/entry/2013/11/01/072636,"「MVCの勘違い」について、もう一度考えてみる - 圧倒亭グランパのブログ",8,"2013-11-02 05:55:31.818692","2013-11-04 07:30:00.638148",1,"2013-11-02 05:55:31.891675","MVCの勘違いに関しては、以下のSlideShareが有名かと思います。
やはりお前らのMVCは間違っている @mugeso
これにはドキッとしたことを覚えています。
このスライドで「間違っている!」と指摘されている形式を、そういうものだと理解していたからです。
上記で指摘されている勘違い形式を、自分なりにわかりやすく噛み砕き、図にしてみました。
Userからの入力をControllerが受け取る",http://cdn-ak.f.st-hatena.com/images/fotolife/a/at_grandpa/20131101/20131101063913.png,1,1,277,
227,http://www.advertimes.com/20131101/article132654/,"マーケターが世の中のトレンドを発見するためのサイトがオープン | AdverTimes（アドタイ）",4,"2013-11-02 06:25:39.297320","2013-11-04 07:30:01.274370",1,"2013-11-02 06:25:39.367797","プラスアルファ・コンサルティングとズノーは11月1日、ネット上で話題のワードをテキストマイニング技術で分析し、ヒットの真相やネットユーザーの動向を紹介するWebサイト「ミシェル!」をオープンした。
このサイトは、プラスアルファ・コンサルティングが開発したソーシャル分析ツール「見える化エンジン」を活用。インターネット上のブログ・口コミ情報、ソーシャルメディア、テレビ・CMデータなどを収集し、話題の商",http://www.advertimes.com/wp-content/uploads/michel-300x275.png,1,1,97,
228,http://aniram-czech.hatenablog.com/entry/2013/11/02/111443,"村上春樹の「好き」「嫌い」はどこで分かれるのか？　に関する一考察 - (チェコ好き)の日記",5,"2013-11-02 07:16:27.887777","2013-11-04 07:30:01.903933",1,"2013-11-02 07:16:27.947304","「村上春樹の小説がどうも好かん」という方に、たまに出くわします。一方私は、けっこうな村上ファンです。長編小説はすべて読んでおり、短編小説も一部をのぞいてほとんど読んでいます。エッセイもたくさん持っています。ただし、村上ファンであることを公言するとアンチ村上派に鼻で笑われるので、最近は「村上春樹が好き」であることを、あまり表立って言わないようにしています。
(表立って言えないので、ブログに書いていま",http://ecx.images-amazon.com/images/I/31gQRZKHSiL._SL160_.jpg,1,1,80,
229,http://zasshi.news.yahoo.co.jp/article?a=20131101-00000011-pseven-spo,"ダル　モデルとデートの翌々日に寿司店で古閑美保と半沢談義 （NEWS ポストセブン） - Yahoo!ニュース",8,"2013-11-02 11:33:10.329147","2013-11-04 07:30:02.707775",1,"2013-11-02 11:33:10.487588","
現在、帰国中のダルビッシュ有(27才)は、元プロゴルファー・古閑美保(30才)が生活する都内の超高級マンションで寝泊まりしているという。このマンションを契約しているのはダルで、いわば同棲生活中というわけだ。
しかし10月26日、ダルはハーフモデルのMALIA(30才)らと六本木界隈で会食。もちろんその場には古閑はいなかった。さらには途中、MALIAとツーショットで会員制バーに消えるシーンもあった",no_image.png,1,1,269,
